id_prod;ca_total
0_0;4657,5
0_1;5352,13
0_10;394,9
0_100;61,800000000000004
0_1000;2954,88
0_1001;2020,95
0_1002;4005,42
0_1003;6175,88
0_1004;3236,07
0_1005;104,94999999999999
0_1006;213,12
0_1007;2160,67
0_1008;1825,7800000000002
0_1009;6670,55
0_101;233,82
0_1010;19,6
0_1011;5931,76
0_1012;97,19999999999999
0_1013;2270,4500000000003
0_1015;4802,63
0_1017;3874,69
0_1018;4567,780000000001
0_1019;199,92
0_102;156,51999999999998
0_1020;3971,3900000000003
0_1021;3461,15
0_1022;235,7
0_1023;2669,65
0_1024;180,66
0_1026;4516,2
0_1027;2475,04
0_1028;2336,18
0_1029;3779,27
0_103;109,9
0_1030;6000,01
0_1031;2907,84
0_1032;108,0
0_1033;3467,6600000000003
0_1034;5766,38
0_1035;1667,8200000000002
0_1036;2774,52
0_1037;62,97
0_1038;4538,84
0_1039;4903,91
0_104;90,60000000000001
0_1040;2293,75
0_1041;11,94
0_1042;8134,67
0_1043;4428,97
0_1044;2108,8
0_1045;2366,05
0_1046;3661,84
0_1047;3012,69
0_1048;1768,0
0_1049;5858,49
0_105;111,86
0_1050;5366,79
0_1051;17,94
0_1052;1296,18
0_1053;4571,84
0_1054;3227,7799999999997
0_1055;3603,4900000000002
0_1056;9,84
0_1057;7436,28
0_1058;1494,45
0_1059;8051,759999999999
0_106;188,0
0_1060;4773,929999999999
0_1061;7876,0599999999995
0_1063;2264,2200000000003
0_1064;1873,7
0_1065;5996,25
0_1066;3700,48
0_1067;6897,6900000000005
0_1068;265,56
0_1069;3555,55
0_107;131,89000000000001
0_1070;2032,32
0_1071;91,96
0_1072;7454,46
0_1073;7666,52
0_1074;7,32
0_1075;5769,75
0_1076;251,1
0_1077;29,85
0_1078;3307,7599999999998
0_1079;2845,25
0_108;292,53
0_1080;12,15
0_1081;5959,03
0_1082;7828,28
0_1083;8885,769999999999
0_1084;297,96000000000004
0_1085;2030,91
0_1086;8,459999999999999
0_1087;119,96
0_1088;6,540000000000001
0_1089;2270,31
0_109;99,80000000000001
0_1090;7358,5199999999995
0_1091;5384,61
0_1092;308,28
0_1093;35,88
0_1094;9169,2
0_1095;4033,23
0_1096;5912,62
0_1097;6762,36
0_1098;218,75
0_1099;5538,96
0_11;293,79
0_110;435,59999999999997
0_1100;1493,79
0_1101;5,97
0_1102;2759,48
0_1103;8079,78
0_1104;7291,92
0_1105;4728,74
0_1106;7777,15
0_1107;44,85
0_1108;9039,1
0_1109;299,9
0_111;359,82
0_1110;2877,81
0_1111;10894,55
0_1112;4332,92
0_1113;8342,089999999998
0_1114;12,48
0_1115;3767,61
0_1116;5,94
0_1117;449,82
0_1118;1645,28
0_112;301,07
0_1120;43,68
0_1121;11714,14
0_1122;80,08
0_1123;5533,74
0_1124;9394,44
0_1125;6417,06
0_1126;5536,599999999999
0_1127;2875,2000000000003
0_1128;20,72
0_1129;199,92
0_113;288,83
0_1130;6651,240000000001
0_1131;9210,88
0_1132;4985,2
0_1133;9515,24
0_1134;5977,200000000001
0_1135;107,96
0_1136;1522,08
0_1137;3875,15
0_1138;32,620000000000005
0_1139;1951,1100000000001
0_114;555,3499999999999
0_1140;1861,27
0_1141;83,96
0_1142;1898,1
0_1143;5424,57
0_1144;10114,32
0_1145;3564,9
0_1146;183,78000000000003
0_1147;3299,28
0_1148;240,93
0_1149;2707,48
0_115;69,9
0_1150;244,0
0_1151;2,99
0_1152;5531,9
0_1153;3150,7400000000002
0_1154;999,96
0_1155;26,910000000000004
0_1156;6650,799999999999
0_1157;10463,49
0_1158;4998,38
0_1159;3875,15
0_116;152,52
0_1160;7112,26
0_1161;191,94
0_1162;6058,2
0_1163;4345,650000000001
0_1164;218,61
0_1165;11,96
0_1166;6863,4
0_1167;3452,16
0_1168;3179,9700000000003
0_1169;2787,21
0_117;183,77
0_1170;1416,22
0_1171;3,96
0_1172;3223,71
0_1173;6076,799999999999
0_1174;1073,6
0_1175;3164,48
0_1176;2639,25
0_1177;1342,31
0_1178;2836,4
0_1179;1509,48
0_118;23,759999999999998
0_1180;4175,25
0_1181;4016,65
0_1182;6580,28
0_1183;5630,87
0_1184;1160,3
0_1185;1952,74
0_1186;3972,9
0_1187;2145,9300000000003
0_1188;5064,66
0_1189;4695,389999999999
0_119;11,96
0_1190;1989,0
0_1191;2,9699999999999998
0_1192;4394,5199999999995
0_1193;3386,61
0_1194;376,56000000000006
0_1195;2369,61
0_1196;2180,85
0_1197;1999,14
0_1198;3453,82
0_1199;4751,83
0_12;323,52
0_120;9,9
0_1200;3725,2000000000003
0_1201;3286,01
0_1202;1333,08
0_1203;9,9
0_1204;770,56
0_1205;2934,33
0_1206;1273,02
0_1207;4196,53
0_1208;1689,3500000000001
0_1209;2723,9700000000003
0_121;288,83
0_1210;4093,5600000000004
0_1211;23,92
0_1212;1937,1699999999998
0_1213;87,96
0_1214;284,83
0_1215;63,98
0_1216;4443,75
0_1217;174,92999999999998
0_1218;932,92
0_1219;1033,41
0_122;230,39999999999998
0_1220;3673,34
0_1221;20,93
0_1222;2034,0900000000001
0_1223;1611,31
0_1224;4513,6
0_1225;3987,9300000000003
0_1226;3150,52
0_1227;1467,0600000000002
0_1228;894,5999999999999
0_1229;2187,87
0_123;674,55
0_1230;3964,47
0_1231;129,95
0_1232;186,54999999999998
0_1233;43,98
0_1234;1975,59
0_1235;43,78
0_1236;5937,0
0_1237;74,97
0_1238;4471,3
0_1239;265,93
0_124;100,85000000000001
0_1240;295,09999999999997
0_1241;17,91
0_1242;2247,54
0_1243;5212,74
0_1244;42,330000000000005
0_1245;2036,6000000000001
0_1246;2166,09
0_1247;5836,35
0_1248;2808,75
0_1249;4858,26
0_125;187,53
0_1250;1551,0
0_1251;197,91
0_1252;1633,4899999999998
0_1253;4923,21
0_1254;1858,32
0_1255;4077,29
0_1256;4290,67
0_1257;4110,26
0_1258;6171,360000000001
0_1259;4088,59
0_126;624,92
0_1260;4512,599999999999
0_1261;3191,4500000000003
0_1262;238,81
0_1263;206,91
0_1264;5797,110000000001
0_1265;329,90000000000003
0_1266;1605,0
0_1267;1480,2900000000002
0_1268;2402,78
0_1269;53,82000000000001
0_127;463,42
0_1270;2535,46
0_1271;13,93
0_1272;6548,85
0_1273;2885,79
0_1274;2758,86
0_1275;1356,6000000000001
0_1276;393,89000000000004
0_1277;3331,83
0_1278;3422,7200000000003
0_1279;41,98
0_128;1339,92
0_1280;4365,400000000001
0_1281;4676,4
0_1282;1876,77
0_1283;4,95
0_1284;1,38
0_1285;1631,73
0_1286;435,59999999999997
0_1287;5059,78
0_1288;3466,65
0_1289;4507,53
0_129;373,83
0_1290;3378,44
0_1291;5080,009999999999
0_1292;3479,0000000000005
0_1293;3704,91
0_1294;1016,8
0_1295;3340,96
0_1296;2168,76
0_1297;6114,78
0_1298;5899,04
0_1299;2320,6800000000003
0_13;183,77
0_130;441,6
0_1300;188,19
0_1301;1749,0800000000002
0_1302;26,28
0_1303;2484,89
0_1304;1898,64
0_1305;109,94999999999999
0_1306;5109,299999999999
0_1307;6247,709999999999
0_1308;5762,879999999999
0_1309;5905,889999999999
0_131;719,4
0_1310;30,939999999999998
0_1311;5260,23
0_1312;295,23
0_1313;4840,54
0_1314;165,04
0_1315;3373,9300000000003
0_1316;2145,6
0_1317;1856,28
0_1319;5111,59
0_132;1101,93
0_1320;4457,52
0_1321;5772,39
0_1322;1571,79
0_1323;4978,47
0_1324;2255,82
0_1325;9720,27
0_1326;9477,82
0_1327;23,92
0_1328;7846,919999999999
0_1329;9,9
0_133;395,34000000000003
0_1330;10523,519999999999
0_1331;149,95
0_1332;298,08
0_1333;5744,41
0_1334;16959,44
0_1335;18529,699999999997
0_1336;358,53
0_1337;175,92
0_1338;9280,0
0_1339;7929,18
0_134;443,88000000000005
0_1340;14036,76
0_1341;8441,55
0_1342;19119,69
0_1343;87,96
0_1344;18088,0
0_1345;17108,489999999998
0_1346;216,20000000000002
0_1347;5870,2
0_1348;11380,38
0_1349;16117,92
0_135;831,36
0_1350;15013,55
0_1351;8864,14
0_1352;4518,0
0_1353;19430,28
0_1354;6949,799999999999
0_1355;19312,829999999998
0_1356;5770,52
0_1357;16725,54
0_1358;18237,94
0_1359;129,95
0_136;499,13
0_1360;4403,61
0_1361;3986,01
0_1362;11672,900000000001
0_1363;16259,429999999998
0_1364;15,39
0_1365;38,870000000000005
0_1366;17915,399999999998
0_1367;9783,84
0_1368;4714,47
0_1369;464,84999999999997
0_137;351,89
0_1370;9695,400000000001
0_1371;263,88
0_1372;19,580000000000002
0_1373;16844,129999999997
0_1374;294,0
0_1375;5928,58
0_1376;14551,039999999999
0_1377;12531,64
0_1378;12996,76
0_1379;2,99
0_138;957,5999999999999
0_1380;6339,95
0_1381;5211,3
0_1382;12824,019999999999
0_1383;11288,31
0_1384;12736,08
0_1385;9831,8
0_1386;11528,16
0_1387;9484,37
0_1388;15537,899999999998
0_1389;146,92999999999998
0_139;20,93
0_1390;17045,600000000002
0_1391;6415,97
0_1392;5518,8
0_1393;11222,64
0_1394;13785,66
0_1395;3359,5800000000004
0_1396;9818,82
0_1397;14060,62
0_1398;4696,28
0_1399;16748,69
0_14;282,3
0_140;166,85999999999999
0_1400;4351,75
0_1401;10792,18
0_1402;30,0
0_1403;14646,84
0_1404;7093,08
0_1405;5668,64
0_1406;20,0
0_1407;15263,09
0_1408;13,13
0_1409;6102,77
0_141;47,84
0_1410;17523,0
0_1411;11201,54
0_1412;13442,58
0_1413;26,910000000000004
0_1414;22287,0
0_1415;699,8000000000001
0_1416;11558,04
0_1417;21372,12
0_1418;8921,37
0_1419;10788,0
0_142;952,8000000000001
0_1420;13409,39
0_1421;23008,489999999998
0_1422;14741,72
0_1423;23,92
0_1424;10411,58
0_1425;16445,34
0_1426;15496,32
0_1427;202,92999999999998
0_1428;4419,75
0_1429;9324,33
0_143;279,92
0_1430;20109,87
0_1431;14089,18
0_1432;19261,44
0_1433;279,9
0_1434;10596,3
0_1435;16284,36
0_1436;10,56
0_1437;4803,96
0_1438;11209,24
0_1439;91,96
0_144;667,28
0_1440;6878,88
0_1441;23452,649999999998
0_1442;5951,129999999999
0_1443;6954,39
0_1444;29,12
0_1445;12177,81
0_1446;9497,66
0_1447;4999,9800000000005
0_1448;20701,420000000002
0_1449;4999,9800000000005
0_145;405,85999999999996
0_1450;7600,889999999999
0_1451;21689,149999999998
0_1452;14059,17
0_1453;8501,36
0_1454;6972,81
0_1455;9241,72
0_1456;164,52
0_1457;13117,06
0_1458;6975,75
0_1459;8,91
0_146;754,1600000000001
0_1460;5108,67
0_1461;12577,51
0_1462;190,02
0_1463;87,96
0_1464;8832,359999999999
0_1465;4281,27
0_1466;259,38
0_1467;4880,22
0_1468;6456,96
0_1469;15379,74
0_147;17,94
0_1470;20194,02
0_1471;14977,47
0_1472;13326,83
0_1473;18500,43
0_1474;11589,240000000002
0_1475;13524,72
0_1476;18463,14
0_1477;23,88
0_1478;6,27
0_1479;17940,78
0_148;199,71
0_1480;4394,85
0_1481;4560,570000000001
0_1482;6714,24
0_1483;3982,02
0_1484;126,15
0_1485;15002,099999999999
0_1486;3633,27
0_1487;3098,79
0_1488;3408,6
0_1489;6286,28
0_149;647,64
0_1490;6895,2
0_1491;3570,04
0_1492;133,25
0_1493;9713,52
0_1494;5312,4
0_1495;91,96
0_1496;12,1
0_1497;278,90999999999997
0_1498;2,48
0_1499;7373,85
0_15;207,84
0_150;769,5699999999999
0_1500;108,05
0_1501;7901,41
0_1502;4788,570000000001
0_1503;10681,32
0_1504;18,48
0_1505;10642,9
0_1506;6110,0
0_1507;2816,94
0_1508;5564,79
0_1509;3128,73
0_151;531,62
0_1510;13,080000000000002
0_1511;5,9399999999999995
0_1512;3459,66
0_1513;5906,43
0_1514;7046,4
0_1515;3893,4300000000003
0_1516;7669,53
0_1517;13312,599999999999
0_1518;2817,3199999999997
0_1519;3144,75
0_152;552,33
0_1520;6225,76
0_1521;12952,8
0_1522;3642,96
0_1523;146,92999999999998
0_1524;8517,34
0_1525;4089,15
0_1526;3899,18
0_1527;5017,72
0_1528;6657,3
0_1529;2521,6800000000003
0_153;191,52
0_1530;1966,68
0_1531;4152,06
0_1532;9821,220000000001
0_1533;55,98
0_1534;2651,88
0_1535;5,97
0_1536;3986,95
0_1537;3246,58
0_1538;4658,009999999999
0_1539;0,99
0_154;455,8
0_1540;10044,73
0_1541;6786,34
0_1542;10166,58
0_1543;9289,36
0_1544;75,82
0_1545;13843,71
0_1546;7458,799999999999
0_1547;5106,32
0_1548;5757,36
0_1549;77,97
0_155;425,29
0_1550;4,84
0_1551;8144,7300000000005
0_1552;6,859999999999999
0_1553;8589,86
0_1554;35,64
0_1555;10169,64
0_1556;12007,85
0_1557;4473,6
0_1558;6423,0599999999995
0_1559;6153,84
0_156;388,48
0_1560;7344,719999999999
0_1561;3641,92
0_1562;10605,6
0_1563;2785,02
0_1564;7683,919999999999
0_1565;5632,95
0_1566;7376,639999999999
0_1567;12266,779999999999
0_1568;2920,0
0_1569;12248,34
0_157;899,55
0_1570;7,68
0_1571;4187,01
0_1572;5958,12
0_1573;5046,78
0_1574;7262,17
0_1575;3872,2400000000002
0_1576;4,58
0_1577;35,88
0_1578;15121,5
0_1579;3363,57
0_158;545,8199999999999
0_1580;11496,42
0_1581;341,91
0_1582;97,68
0_1583;12712,05
0_1584;9634,05
0_1585;4021,94
0_1586;10739,95
0_1587;12711,52
0_1588;73,17
0_1589;260,90999999999997
0_159;532,59
0_1590;15333,3
0_1591;8321,67
0_1592;227,07
0_1593;5710,83
0_1594;2757,2400000000002
0_1595;5,98
0_1596;8878,519999999999
0_1597;169,95000000000002
0_1598;9343,98
0_1599;12300,759999999998
0_16;57,96
0_160;492,47999999999996
0_1600;11047,050000000001
0_1601;1,99
0_1602;222,09
0_1603;6922,3
0_1604;13622,78
0_1605;4879,02
0_1606;13641,599999999999
0_1607;3148,11
0_1608;8849,52
0_1609;14394,419999999998
0_161;611,32
0_1610;63,150000000000006
0_1611;8428,97
0_1612;9505,08
0_1613;6059,26
0_1614;2720,25
0_1615;15,92
0_1616;9747,0
0_1617;8141,21
0_1618;2693,9
0_1619;3458,07
0_162;765,96
0_1621;13564,46
0_1622;5360,7
0_1623;5680,89
0_1625;4115,13
0_1626;10697,26
0_1627;2753,1000000000004
0_1628;6973,02
0_1629;368,91
0_163;583,27
0_1630;9572,16
0_1631;8000,72
0_1632;6594,360000000001
0_1633;24,99
0_1634;3816,4
0_1635;12572,599999999999
0_1636;7106,4
0_1637;3572,84
0_1638;4176,9
0_1639;5829,66
0_164;1012,0500000000001
0_1640;7432,740000000001
0_1641;11242,5
0_1642;3857,58
0_1643;4519,339999999999
0_1644;1450,08
0_1646;4113,45
0_1647;983,1800000000001
0_1648;24,93
0_1649;139,95
0_165;559,6
0_1650;60,54
0_1651;4,95
0_1652;1294,6999999999998
0_1653;1,98
0_1654;1624,95
0_1655;26,910000000000004
0_1656;139,56
0_1657;1903,73
0_1658;591,18
0_1659;1408,59
0_166;25,62
0_1660;416,52
0_1661;545,09
0_1662;478,49999999999994
0_1663;706,82
0_1664;154,32
0_1665;1678,95
0_1666;1150,1799999999998
0_1667;886,89
0_1668;1505,86
0_1669;796,86
0_167;233,91
0_1670;212,31
0_1671;438,90000000000003
0_1672;2080,5
0_1673;643,08
0_1674;90,52
0_1675;47,98
0_1676;1117,92
0_1677;1208,9
0_1678;1548,96
0_1679;685,02
0_168;482,55999999999995
0_1680;2106,0
0_1681;1888,65
0_1682;422,0
0_1683;2,99
0_1684;2190,6299999999997
0_1685;1068,93
0_1686;1605,24
0_1687;1917,9899999999998
0_1688;631,62
0_1689;14,950000000000001
0_169;1253,34
0_1690;1410,26
0_1691;1768,82
0_1692;1269,2
0_1693;997,89
0_1694;887,4000000000001
0_1695;29,900000000000002
0_1696;676,8000000000001
0_1697;1482,94
0_1698;1139,2
0_1699;1385,2299999999998
0_17;118,83
0_170;763,84
0_1700;1812,0199999999998
0_1701;634,94
0_1702;1523,0800000000002
0_1703;241,89
0_1704;1520,9099999999999
0_1705;275,88
0_1706;306,24
0_1707;1834,9199999999998
0_1708;423,04
0_1709;688,85
0_171;1671,12
0_1710;448,47
0_1711;14,950000000000001
0_1712;724,0
0_1713;1273,09
0_1714;1506,6
0_1715;8,97
0_1716;8,76
0_1717;1273,09
0_1718;928,3199999999999
0_1719;563,0600000000001
0_172;574,77
0_1720;839,0500000000001
0_1721;376,87
0_1722;446,03999999999996
0_1723;1123,75
0_1724;31,02
0_1725;1978,68
0_1726;4,71
0_1727;1450,68
0_1728;2,27
0_1729;1708,8600000000001
0_173;20,93
0_1730;633,7800000000001
0_1731;1633,91
0_1732;124,75
0_1733;17,91
0_1734;1854,93
0_1735;80,97
0_1736;444,28000000000003
0_1737;134,95
0_1738;1007,3900000000001
0_1739;137,94
0_174;393,75
0_1740;239,25
0_1741;2176,79
0_1742;1578,7199999999998
0_1743;760,73
0_1744;1644,96
0_1745;828,34
0_1746;1217,7
0_1747;478,8
0_1748;2016,0
0_1749;489,86
0_175;1007,37
0_1750;897,8199999999999
0_1751;129,95
0_1752;808,65
0_1753;1351,77
0_1754;1869,6
0_1755;1186,68
0_1756;1848,42
0_1757;13,93
0_1758;1845,44
0_1759;2,9699999999999998
0_176;882,0
0_1760;1208,97
0_1761;1198,5
0_1762;1867,02
0_1763;167,94
0_1764;25,87
0_1765;83,96
0_1766;500,5
0_1767;2234,28
0_1768;1400,44
0_1769;838,8000000000001
0_177;1179,4099999999999
0_1770;82,8
0_1771;9,9
0_1772;2199,12
0_1773;1791,3700000000001
0_1774;1130,9199999999998
0_1775;796,86
0_1776;84,64
0_1777;3095,37
0_1778;85,38
0_1779;2122,8199999999997
0_178;141,8
0_1781;712,8100000000001
0_1782;1246,5600000000002
0_1783;311,88
0_1784;2658,56
0_1785;970,9200000000001
0_1786;2688,0
0_1787;638,72
0_1788;1134,24
0_1789;573,85
0_179;229,89999999999998
0_1790;1571,44
0_1791;1726,56
0_1792;1037,2199999999998
0_1793;470,82000000000005
0_1794;95,49
0_1795;2158,7999999999997
0_1796;441,97999999999996
0_1797;1966,77
0_1798;2167,5
0_1799;1278,72
0_18;433,33
0_180;10,67
0_1801;402,99
0_1802;173,82
0_1803;5,98
0_1804;2491,65
0_1805;17,91
0_1806;4,83
0_1807;1768,82
0_1808;868,0
0_1809;1804,71
0_181;461,23
0_1810;619,84
0_1811;638,72
0_1812;953,77
0_1813;285,89
0_1814;163,6
0_1815;1186,68
0_1816;930,91
0_1817;167,92
0_1818;1024,8600000000001
0_1819;119,94999999999999
0_182;717,5999999999999
0_1820;133,8
0_1821;1874,66
0_1822;1372,64
0_1823;530,6700000000001
0_1824;672,1
0_1825;311,22
0_1826;822,28
0_1827;764,15
0_1828;535,15
0_1829;444,11
0_183;50,830000000000005
0_1830;1787,56
0_1831;482,31
0_1832;563,16
0_1833;461,23
0_1834;1362,6000000000001
0_1835;970,9200000000001
0_1836;465,76
0_1837;978,11
0_1838;580,5
0_1839;978,11
0_184;162,12
0_1840;2,56
0_1841;1637,09
0_1842;81,04
0_1843;467,22
0_1844;3,85
0_1845;503,28000000000003
0_1846;315,9
0_1847;656,27
0_1848;92,44
0_1849;1286,01
0_185;695,42
0_1850;1032,3
0_1851;1147,18
0_1852;720,98
0_1853;695,42
0_1854;211,04999999999998
0_1855;7,96
0_1856;545,49
0_1857;818,37
0_1858;7,32
0_1859;414,17
0_186;26,0
0_1860;425,42999999999995
0_1861;714,35
0_1862;934,0100000000001
0_1863;780,29
0_1864;159,32000000000002
0_1865;847,47
0_1866;377,52
0_1867;143,94
0_1868;268,77
0_1869;1499,2499999999998
0_187;37,81
0_1870;742,9200000000001
0_1871;3,98
0_1872;527,52
0_1873;857,22
0_1874;275,01
0_1875;359,28000000000003
0_1876;822,4
0_1877;779,22
0_1878;13,620000000000001
0_1879;359,1
0_188;336,59999999999997
0_1880;1267,35
0_1881;575,28
0_1882;1451,45
0_1883;545,22
0_1884;328,18
0_1885;636,09
0_1886;185,04
0_1887;533,11
0_1888;694,38
0_1889;259,48
0_189;701,46
0_1890;444,62
0_1891;443,26
0_1892;1205,76
0_1893;2031,9299999999998
0_1894;859,4599999999999
0_1895;319,20000000000005
0_1896;1034,55
0_1897;104,94999999999999
0_1898;14,700000000000001
0_1899;219,89999999999998
0_19;109,78
0_190;320,4
0_1900;75,96000000000001
0_1901;1055,04
0_1902;4,56
0_1903;521,13
0_1904;1566,51
0_1905;846,94
0_1906;257,13
0_1907;939,0600000000001
0_1908;1931,67
0_1909;17,94
0_191;395,56
0_1910;943,9499999999999
0_1911;1558,8
0_1912;5,67
0_1913;430,92
0_1914;150,08
0_1915;1274,2499999999998
0_1916;635,85
0_1917;13,93
0_1918;290,4
0_1919;810,84
0_192;482,15999999999997
0_1920;100,64
0_1921;639,2
0_1922;366,42
0_1923;359,1
0_1924;976,4399999999999
0_1925;233,91
0_1926;1120,98
0_1927;1563,08
0_1928;916,32
0_1929;699,0
0_193;155,61
0_1930;686,55
0_1931;613,77
0_1932;421,83
0_1933;1774,89
0_1934;628,65
0_1935;5,9399999999999995
0_1936;115,28
0_1937;1234,97
0_1938;28,44
0_1939;1439,1999999999998
0_194;792,0
0_1940;1867,62
0_1941;1119,2
0_1942;1428,48
0_1943;1287,08
0_1944;1099,17
0_1945;678,03
0_1946;410,67
0_1947;1208,07
0_1948;363,53999999999996
0_1949;379,05
0_195;1279,2
0_1950;25,0
0_1951;533,11
0_1952;371,3
0_1953;620,3100000000001
0_1954;847,6
0_1955;681,38
0_1956;1083,15
0_1957;1493,1699999999998
0_1958;999,0
0_1959;291,27000000000004
0_196;576,0
0_1960;23,76
0_1961;311,22
0_1962;468,16
0_1963;749,25
0_1964;745,29
0_1965;688,62
0_1966;733,46
0_1967;974,25
0_1968;395,84999999999997
0_1969;1419,29
0_197;265,93
0_1970;246,78000000000003
0_1971;1257,26
0_1972;1314,78
0_1973;450,87
0_1974;654,12
0_1975;1198,5
0_1976;2144,0
0_1977;1060,23
0_1978;119,05
0_1979;167,92
0_198;1087,56
0_1980;623,6999999999999
0_1981;1096,17
0_1982;1663,15
0_1983;923,1500000000001
0_1984;1191,3
0_1985;1233,94
0_1986;233,01
0_1987;1621,68
0_1988;1774,8
0_1989;778,0500000000001
0_199;575,36
0_1990;331,65
0_1991;191,92
0_1992;2826,32
0_1993;87,96
0_1994;1070,7
0_1995;503,82
0_1996;3292,12
0_1997;1029,42
0_1998;411,4
0_1999;3195,54
0_2;311,59999999999997
0_20;216,48
0_200;1078,52
0_2000;1224,52
0_2001;1821,72
0_2002;4540,92
0_2003;1509,8400000000001
0_2004;2013,7200000000003
0_2005;1613,98
0_2006;3054,6299999999997
0_2007;2297,7000000000003
0_2008;3289,82
0_2009;881,7900000000001
0_201;235,41000000000003
0_2010;88,80000000000001
0_2011;3652,8499999999995
0_2012;774,9
0_2013;2417,58
0_2014;318,45
0_2015;26,910000000000004
0_2016;11,299999999999999
0_2017;231,92
0_2018;1144,3600000000001
0_2019;1885,64
0_202;5,58
0_2020;2092,09
0_2021;2831,82
0_2022;1507,3500000000001
0_2023;2923,05
0_2024;3034,2000000000003
0_2025;1573,25
0_2026;1145,36
0_2027;109,94999999999999
0_2028;2473,45
0_2029;861,84
0_203;389,35
0_2030;2653,2000000000003
0_2031;298,87
0_2032;396,44
0_2033;2848,1
0_2034;1850,88
0_2035;3418,1
0_2036;184,41
0_2037;2938,04
0_2038;970,1899999999999
0_2039;1384,02
0_204;21,24
0_2040;103,25
0_2041;3341,91
0_2042;1357,54
0_2043;2895,93
0_2044;1304,16
0_2045;2483,7400000000002
0_2046;258,72
0_2047;1287,8500000000001
0_2048;2758,72
0_2049;1389,68
0_205;189,62
0_2050;571,1999999999999
0_2051;367,84
0_2052;1765,1299999999999
0_2053;3777,48
0_2054;2264,12
0_2055;398,80999999999995
0_2056;923,4
0_2057;2040,73
0_2058;1490,3999999999999
0_2059;2610,9900000000002
0_206;206,33999999999997
0_2060;1627,5600000000002
0_2061;2407,59
0_2062;3634,2700000000004
0_2063;2085,39
0_2064;2511,75
0_2065;1773,78
0_2066;3469,2
0_2067;25,87
0_2068;4159,68
0_2069;4983,23
0_207;323,73
0_2070;53,02
0_2071;527,76
0_2072;1224,3
0_2073;50,830000000000005
0_2074;2664,0000000000005
0_2075;2490,23
0_2076;3314,4900000000002
0_2077;961,59
0_2078;3985,7999999999997
0_2079;2427,57
0_208;387,71999999999997
0_2080;3419,68
0_2081;99,96
0_2082;170,31
0_2083;1719,54
0_2084;2408,4
0_2085;3561,03
0_2086;819,47
0_2087;431,84
0_2088;330,0
0_2089;2727,9
0_209;223,68
0_2090;2498,28
0_2091;41,86
0_2092;3471,65
0_2093;2077,92
0_2094;203,14
0_2095;3793,08
0_2096;3947,44
0_2097;11,94
0_2098;3060,81
0_2099;2149,31
0_21;49,900000000000006
0_210;18,700000000000003
0_2100;1911,42
0_2101;377,82
0_2102;1560,26
0_2103;1923,8600000000001
0_2104;1675,8000000000002
0_2105;1431,6100000000001
0_2106;3373,48
0_2107;1168,05
0_2108;2134,44
0_2109;2546,04
0_211;337,74
0_2110;1612,16
0_2111;2831,82
0_2112;419,52
0_2113;2818,83
0_2114;1193,82
0_2115;993,01
0_2116;2825,1
0_2117;1384,02
0_2118;1633,98
0_2119;2457,54
0_212;442,24
0_2120;512,43
0_2121;499,79999999999995
0_2122;4031,5200000000004
0_2123;2337,66
0_2124;2582,79
0_2125;17,91
0_2126;3715,04
0_2127;3195,54
0_2128;1001,0
0_2129;1581,3600000000001
0_213;389,74
0_2130;2735,9999999999995
0_2131;2355,38
0_2132;1054,13
0_2133;845,88
0_2134;1108,43
0_2135;1042,91
0_2136;2939,1800000000003
0_2137;2542,41
0_2138;9,3
0_2139;588,82
0_214;421,92
0_2140;1458,99
0_2141;1486,76
0_2142;39,75
0_2143;349,85999999999996
0_2144;22,5
0_2145;1791,3700000000001
0_2146;1537,3200000000002
0_2147;519,87
0_2148;1324,92
0_2149;8,97
0_215;167,72
0_2150;1499,4
0_2151;2599,47
0_2152;2787,23
0_2153;395,82
0_2154;1450,7
0_2155;395,82
0_2156;847,29
0_2157;314,91
0_2158;1237,5
0_2159;298,87
0_216;162,33
0_2160;244,2
0_2161;1714,44
0_2162;496,91999999999996
0_2163;628,74
0_2164;634,92
0_2165;3213,9900000000002
0_2166;17,46
0_2167;2350,53
0_2168;1653,16
0_2169;18,81
0_217;17,91
0_2170;360,59999999999997
0_2171;948,1
0_2172;609,16
0_2173;1558,44
0_2174;620,0
0_2175;2620,62
0_2176;2401,2000000000003
0_2177;139,96
0_2178;1327,68
0_2179;1222,47
0_218;626,0699999999999
0_2180;2393,1600000000003
0_2181;419,84999999999997
0_2182;1914,71
0_2183;1267,59
0_2184;1419,32
0_2185;1108,89
0_2186;504,0
0_2187;1206,49
0_2188;2651,65
0_2189;44,85
0_219;475,66
0_2190;1356,3000000000002
0_2191;1069,47
0_2192;3070,34
0_2193;143,94
0_2194;946,08
0_2195;134,95
0_2196;1530,16
0_2197;26,910000000000004
0_2198;1383,96
0_2199;1584,78
0_22;394,4
0_220;85,56
0_2200;184,23
0_2201;20,99
0_2202;1039,36
0_2203;466,83000000000004
0_2204;24,3
0_2205;1790,88
0_2206;681,54
0_2207;1182,52
0_2208;1719,1499999999999
0_2209;1483,3500000000001
0_221;377,73
0_2210;2280,1
0_2211;1728,27
0_2212;918,0
0_2213;1901,27
0_2214;27,04
0_2215;594,51
0_2216;638,4
0_2217;299,88
0_2218;493,77
0_2219;2248,5
0_222;510,9
0_2220;24,1
0_2221;763,47
0_2222;596,07
0_2223;728,5400000000001
0_2224;2475,36
0_2225;20,93
0_2226;175,12
0_2227;813,37
0_2228;2154,9
0_2229;853,2900000000001
0_223;131,78
0_2230;2433,24
0_2231;2420,27
0_2232;1752,24
0_2233;3838,08
0_2234;2101,99
0_2235;3791,29
0_2236;2959,11
0_2237;11,96
0_2238;3384,48
0_2239;1192,01
0_224;437,84999999999997
0_2240;645,92
0_2241;1945,23
0_2242;254,32
0_2243;1510,32
0_2244;1740,9599999999998
0_2245;0,0
0_2246;1203,3
0_2247;50,830000000000005
0_2248;3563,5599999999995
0_2249;11,96
0_225;305,82
0_2250;270,01
0_2251;2548,3
0_2252;430,56000000000006
0_2253;160,92999999999998
0_2254;1416,8
0_2255;2574,16
0_2256;1576,8
0_2257;45,98
0_2258;1194,8
0_2259;1486,14
0_226;14,9
0_2260;14,72
0_2261;1153,3500000000001
0_2262;253,56
0_2263;98,97
0_2264;2045,58
0_2265;17,94
0_2266;1663,2
0_2267;3627,0899999999997
0_2268;2213,82
0_2269;1160,3400000000001
0_227;495,69
0_2270;2652,7999999999997
0_2271;2126,48
0_2272;1372,5600000000002
0_2273;349,85999999999996
0_2274;981,0600000000001
0_2275;14,85
0_2276;3714,2
0_2277;1912,26
0_2278;338,13
0_2279;1568,43
0_228;274,32
0_2280;326,72
0_2281;2548,3
0_2282;2221,02
0_2283;1240,6200000000001
0_2284;961,61
0_2285;2922,2799999999997
0_2286;890,5999999999999
0_2287;17,94
0_2288;30,900000000000002
0_2289;2572,5699999999997
0_229;647,64
0_2290;1408,0
0_2291;2507,07
0_2292;1608,81
0_2293;983,0300000000001
0_2294;226,38
0_2295;5,97
0_2296;2491,65
0_2297;231,92
0_2298;2725,7999999999997
0_2299;738,1500000000001
0_23;197,82
0_230;168,9
0_2300;3562,0199999999995
0_2301;1082,8300000000002
0_2302;145,14000000000001
0_2303;2278,1
0_2304;2664,48
0_2305;774,0600000000001
0_2306;326,48
0_2307;1146,3600000000001
0_231;329,78000000000003
0_232;14,76
0_233;197,82
0_234;101,72
0_235;259,74
0_236;153,45000000000002
0_237;323,73
0_238;16,7
0_239;260,71
0_24;133,75
0_240;205,02
0_241;269,7
0_242;292,68
0_243;269,82
0_244;234,85
0_245;527,5600000000001
0_246;142,92000000000002
0_247;111,96
0_248;221,48000000000002
0_249;543,66
0_25;23,92
0_250;240,72
0_251;237,66
0_252;308,09999999999997
0_253;593,67
0_254;296,05
0_255;696,5899999999999
0_256;361,53
0_257;591,63
0_258;260,78
0_259;17,91
0_26;150,92000000000002
0_260;20,759999999999998
0_261;511,36
0_262;523,8000000000001
0_263;214,57000000000002
0_264;328,44
0_265;900,4699999999999
0_266;872,1600000000001
0_267;286,59000000000003
0_268;402,97
0_269;139,72
0_27;175,92
0_270;29,77
0_271;461,58
0_272;140,0
0_273;209,58
0_274;344,22999999999996
0_275;854,55
0_276;36,2
0_277;299,9
0_278;135,66
0_279;628,63
0_28;610,72
0_280;200,41
0_281;131,94
0_282;29,830000000000002
0_283;39,8
0_284;640,7
0_285;489,65000000000003
0_286;78,75
0_287;169,83
0_288;514,0799999999999
0_289;258,93
0_29;377,73
0_290;851,85
0_291;917,4599999999999
0_292;219,1
0_293;402,87
0_294;650,01
0_295;495,69
0_296;283,9
0_297;509,66
0_298;21,92
0_3;405,85999999999996
0_30;470,96
0_300;315,69
0_301;512,4300000000001
0_302;351,96000000000004
0_303;296,67
0_304;691,0799999999999
0_305;413,54
0_306;730,85
0_307;431,52
0_308;930,75
0_309;127,68
0_31;265,81
0_311;286,59000000000003
0_312;569,5
0_313;223,68
0_314;850,1700000000001
0_315;271,66
0_316;523,26
0_317;662,6099999999999
0_318;300,5
0_319;719,64
0_32;19,26
0_320;814,86
0_321;461,67
0_323;174,65
0_324;3,54
0_325;719,55
0_326;875,34
0_327;479,68
0_328;120,35999999999999
0_329;124,75
0_33;607,68
0_330;170,04000000000002
0_331;579,7099999999999
0_332;146,88
0_333;167,58
0_334;18,16
0_335;374,75
0_336;103,36
0_337;183,92
0_338;314,1
0_339;103,74000000000001
0_34;124,38
0_340;379,37
0_341;127,68
0_342;558,36
0_343;285,74
0_344;721,8
0_345;211,47
0_346;298,9
0_347;521,7099999999999
0_348;289,71000000000004
0_349;8,97
0_35;447,68
0_350;201,5
0_351;239,52
0_352;664,0899999999999
0_353;415,68
0_354;268,37
0_355;183,54000000000002
0_356;570,58
0_357;204,59
0_358;308,88
0_359;307,56
0_36;364,53000000000003
0_360;481,75
0_361;434,71
0_362;113,85
0_363;281,53000000000003
0_364;620,0
0_365;258,63
0_366;369,82
0_367;404,55
0_368;264,5
0_369;296,73
0_37;23,88
0_370;602,61
0_371;395,67
0_372;455,37
0_373;279,6
0_374;7,28
0_375;287,68
0_376;367,5
0_377;328,53000000000003
0_378;263,7
0_379;489,51
0_38;121,44000000000001
0_380;26,82
0_381;575,64
0_382;559,74
0_383;577,66
0_384;237,3
0_385;509,49
0_386;524,34
0_387;441,73999999999995
0_388;406,12
0_389;607,68
0_39;233,74
0_390;176,88
0_391;296,67
0_392;235,53000000000003
0_393;363,74
0_394;10,700000000000001
0_395;269,73
0_396;207,09
0_397;671,52
0_398;141,6
0_399;560,67
0_4;227,96999999999997
0_40;224,83999999999997
0_400;245,96000000000004
0_401;107,96
0_402;99,0
0_403;187,53
0_404;575,4
0_405;579,7099999999999
0_406;306,53000000000003
0_407;479,7
0_408;166,72
0_409;181,74
0_41;8,97
0_410;126,15
0_411;129,95
0_412;298,62
0_413;203,66
0_414;493,35
0_415;197,82
0_416;593,92
0_417;84,83
0_418;115,35000000000001
0_419;83,96
0_42;226,8
0_420;660,4399999999999
0_421;322,80999999999995
0_422;201,6
0_423;9,95
0_424;299,8
0_425;287,88
0_426;351,78
0_427;209,89999999999998
0_428;245,35
0_429;11,94
0_43;8,97
0_430;132,32999999999998
0_431;230,93
0_432;158,76
0_433;8,97
0_434;661,8299999999999
0_435;111,72
0_436;150,45
0_437;164,67000000000002
0_438;518,37
0_439;149,75
0_44;71,28
0_440;312,0
0_441;286,59000000000003
0_442;127,60000000000001
0_443;55,86
0_444;193,23
0_445;111,72
0_446;310,27
0_447;125,94
0_448;13,200000000000001
0_449;611,66
0_45;44,85
0_450;542,8000000000001
0_451;247,69
0_452;650,76
0_453;59,98
0_454;498,05
0_455;337,74
0_456;262,08
0_457;215,64000000000001
0_458;209,25
0_459;159,68
0_46;122,76
0_460;6,25
0_461;645,6199999999999
0_462;267,12
0_463;131,94
0_464;228,6
0_465;704,53
0_466;148,01
0_467;293,79
0_468;715,6
0_469;149,70000000000002
0_47;129,74
0_470;345,96
0_471;149,70000000000002
0_472;185,46
0_473;239,70000000000002
0_474;6,16
0_475;188,79
0_476;194,76
0_477;47,84
0_478;652,96
0_479;483,56
0_48;365,75
0_480;98,44
0_481;254,49
0_482;14,65
0_483;71,97
0_484;138,8
0_485;961,26
0_486;363,65999999999997
0_487;414,17
0_488;250,23
0_489;779,6099999999999
0_49;95,96
0_490;771,9
0_491;1138,33
0_492;653,4
0_493;519,35
0_494;435,38
0_495;5,98
0_496;595,0799999999999
0_497;359,1
0_498;18,48
0_499;671,52
0_5;160,92999999999998
0_50;220,79999999999998
0_500;344,38
0_501;766,41
0_502;181,54
0_503;854,55
0_504;270,97
0_505;181,92999999999998
0_506;1280,6100000000001
0_507;1063,4399999999998
0_508;408,0
0_509;413,31
0_51;149,70000000000002
0_511;104,94999999999999
0_512;928,66
0_513;815,32
0_514;174,89999999999998
0_515;611,49
0_516;565,6
0_517;655,1800000000001
0_518;520,3
0_519;489,3
0_52;391,8
0_520;609,84
0_521;71,97
0_522;10,16
0_523;289,42
0_524;262,35
0_525;1495,0
0_526;1348,2
0_527;11,96
0_528;5,58
0_529;353,41
0_53;79,80000000000001
0_530;1018,71
0_531;367,54
0_532;1067,64
0_533;255,36
0_534;22,72
0_535;374,25
0_536;208,64
0_537;1325,2199999999998
0_538;289,69
0_539;1034,31
0_54;427,11
0_540;579,5500000000001
0_541;1,99
0_542;1454,4
0_543;791,01
0_544;1534,24
0_545;664,0500000000001
0_546;240,10000000000002
0_547;584,35
0_548;262,71000000000004
0_549;2,99
0_55;195,72
0_550;959,1
0_551;974,25
0_552;191,70000000000002
0_553;1287,08
0_554;204,54
0_555;1386,27
0_556;18,54
0_557;739,26
0_558;611,3399999999999
0_559;303,24
0_56;138,0
0_560;240,09
0_561;510,27000000000004
0_562;240,24
0_563;1403,2199999999998
0_564;315,40000000000003
0_565;15,92
0_566;273,28
0_567;461,23
0_568;119,04
0_569;635,47
0_57;509,66
0_570;486,88
0_571;1547,1399999999999
0_572;794,5999999999999
0_573;104,97
0_574;1018,14
0_575;267,33000000000004
0_576;783,02
0_577;649,35
0_578;825,84
0_579;489,3
0_58;189,8
0_580;231,28
0_581;359,6
0_582;498,12
0_583;406,63
0_584;753,16
0_585;579,42
0_586;361,35
0_587;13,93
0_588;417,59999999999997
0_589;657,53
0_59;419,72
0_590;121,75
0_591;7,96
0_592;522,6
0_593;440,51
0_594;188,1
0_595;230,67000000000002
0_596;247,2
0_597;254,49
0_598;689,1300000000001
0_599;714,35
0_6;218,34
0_60;639,88
0_600;859,49
0_601;539,46
0_602;527,82
0_603;809,46
0_604;134,16
0_605;199,92
0_606;306,18
0_607;929,38
0_608;109,61999999999999
0_609;215,46
0_61;263,67
0_610;323,96000000000004
0_611;571,5600000000001
0_612;6,16
0_613;815,49
0_614;578,34
0_615;227,43
0_616;30,55
0_617;719,5999999999999
0_618;101,64
0_619;231,71
0_62;142,08
0_620;75,92999999999999
0_621;17,91
0_622;698,6
0_623;243,39000000000001
0_624;303,59999999999997
0_625;968,43
0_626;286,20000000000005
0_627;29,900000000000002
0_628;761,2
0_629;659,45
0_63;160,77
0_630;735,8000000000001
0_631;1007,37
0_632;103,85
0_633;1155,32
0_634;381,44
0_635;854,55
0_636;1089,27
0_637;304,39
0_638;424,59999999999997
0_639;299,40000000000003
0_64;71,74
0_640;903,21
0_641;159,60000000000002
0_642;722,4
0_643;2,9699999999999998
0_644;194,94
0_645;29,900000000000002
0_646;294,20000000000005
0_647;399,20000000000005
0_648;355,68
0_649;489,51
0_65;395,56
0_650;1215,5
0_651;679,66
0_652;189,41000000000003
0_653;279,3
0_654;560,21
0_655;609,39
0_656;377,0
0_657;363,48
0_658;398,58
0_659;285,87
0_66;184,86
0_660;120,96000000000001
0_661;575,68
0_662;309,14
0_663;188,91
0_664;277,02
0_665;321,54
0_666;572,18
0_667;961,26
0_668;30,119999999999997
0_669;279,6
0_67;275,88
0_670;856,12
0_671;566,37
0_672;282,24
0_673;149,75
0_674;306,9
0_675;259,87
0_676;42,46
0_677;124,94999999999999
0_678;51,480000000000004
0_679;49,900000000000006
0_68;58,8
0_680;66,87
0_681;107,82000000000001
0_682;266,57
0_683;359,7
0_684;155,23
0_685;311,76
0_686;7,92
0_687;287,84
0_688;282,4
0_689;299,8
0_69;103,96
0_690;78,4
0_691;107,82000000000001
0_692;86,02000000000001
0_693;103,87
0_694;215,65
0_695;129,95
0_696;21,71
0_697;89,91
0_698;12,959999999999999
0_699;322,83
0_7;279,65000000000003
0_70;315,81
0_700;205,04000000000002
0_701;35,96
0_702;105,84
0_703;35,910000000000004
0_704;203,04000000000002
0_705;322,80999999999995
0_706;54,56
0_707;69,86
0_708;145,67
0_709;139,8
0_71;560,67
0_710;44,64
0_711;204,59
0_712;116,85000000000001
0_713;13,93
0_714;45,54
0_715;287,84
0_716;213,52
0_717;152,83
0_718;189,96
0_719;54,89
0_72;186,96
0_720;88,39999999999999
0_721;77,87
0_722;284,34
0_723;53,910000000000004
0_724;174,24
0_725;153,86
0_726;224,62
0_727;168,87
0_728;244,64
0_729;579,8
0_73;11,96
0_730;241,92
0_731;287,84
0_732;96,24
0_733;199,8
0_734;133,92000000000002
0_735;65,97
0_736;60,300000000000004
0_737;356,83
0_738;85,68
0_739;107,91
0_74;176,0
0_740;172,26
0_741;13,93
0_742;129,48
0_743;152,91
0_744;157,14000000000001
0_745;181,87
0_746;143,16
0_747;139,8
0_748;163,62
0_749;59,85
0_75;94,81
0_750;213,66
0_751;69,9
0_752;206,36
0_753;127,84
0_754;76,5
0_755;59,85
0_756;36,150000000000006
0_757;159,84
0_758;56,0
0_759;206,91
0_76;85,9
0_760;296,97
0_761;139,72
0_762;78,84
0_763;390,77
0_764;44,72
0_765;164,85
0_766;19,44
0_767;299,8
0_768;74,13
0_769;299,88
0_77;439,79999999999995
0_770;113,76
0_771;94,81
0_772;151,83
0_773;71,88
0_774;86,58
0_775;322,83
0_776;433,84
0_777;116,91
0_778;26,290000000000003
0_779;194,85
0_78;154,44
0_780;32,5
0_781;208,81
0_782;130,24
0_783;83,79
0_784;64,8
0_785;71,82000000000001
0_786;128,01
0_787;71,91
0_788;98,73
0_789;119,85000000000001
0_79;124,94999999999999
0_790;113,74
0_791;194,87
0_792;137,7
0_793;269,73
0_794;179,52
0_795;116,87
0_796;148,04999999999998
0_797;99,80000000000001
0_798;54,56
0_799;383,68
0_8;422,24
0_80;44,4
0_800;118,83
0_801;215,82
0_802;269,28000000000003
0_803;339,79999999999995
0_804;345,42
0_805;285,74
0_806;86,58
0_807;1,99
0_808;111,4
0_809;288,83
0_81;71,88
0_810;45,599999999999994
0_811;131,67000000000002
0_812;75,4
0_813;259,74
0_814;94,25
0_815;241,78
0_816;96,74000000000001
0_817;431,73
0_818;346,86
0_819;79,80000000000001
0_82;179,64000000000001
0_820;7,92
0_821;363,72
0_822;211,79999999999998
0_823;161,94
0_824;115,7
0_825;371,69
0_826;103,35
0_827;413,77
0_828;306,71999999999997
0_829;26,910000000000004
0_83;23,92
0_830;428,04
0_831;89,82000000000001
0_832;206,15
0_833;2,99
0_834;94,62
0_835;132,81
0_836;48,879999999999995
0_837;107,82000000000001
0_838;648,72
0_839;279,72
0_84;250,7
0_840;221,91
0_841;419,78999999999996
0_842;82,89
0_843;175,78
0_844;302,15999999999997
0_845;233,86999999999998
0_846;110,66000000000001
0_847;161,82
0_848;10,379999999999999
0_849;463,71
0_85;20,93
0_850;413,56
0_851;132,81
0_852;216,20000000000002
0_853;319,68
0_854;13,26
0_855;367,54
0_856;325,12
0_857;188,73000000000002
0_858;255,48
0_859;475,71999999999997
0_86;123,84
0_860;290,22
0_861;455,62
0_862;5,5200000000000005
0_863;103,87
0_864;154,44
0_865;21,89
0_866;204,24
0_867;167,79
0_868;367,08000000000004
0_869;309,69
0_87;341,80999999999995
0_870;104,44
0_871;543,68
0_872;247,56
0_873;23,92
0_874;260,7
0_875;65,97
0_876;381,70000000000005
0_877;131,78
0_878;126,89999999999999
0_879;199,8
0_88;16,6
0_880;345,28
0_881;341,82
0_882;247,5
0_883;194,87
0_884;6,449999999999999
0_885;278,69
0_886;21,82
0_887;153,89000000000001
0_888;162,0
0_889;95,96
0_89;329,78000000000003
0_890;19,67
0_891;109,94999999999999
0_892;68,4
0_893;384,65000000000003
0_894;118,16999999999999
0_895;305,82
0_896;170,66
0_897;269,73
0_898;2,54
0_899;379,80999999999995
0_9;511,84
0_90;240,79999999999998
0_900;225,91000000000003
0_901;191,88
0_902;3,68
0_903;55,86
0_904;323,46000000000004
0_905;221,63
0_906;322,42999999999995
0_907;174,95000000000002
0_908;257,55
0_909;227,88
0_91;10,89
0_910;398,0
0_911;89,82000000000001
0_912;732,4
0_913;329,78000000000003
0_914;492,82
0_915;455,76
0_916;392,15000000000003
0_917;76,93
0_918;64,79
0_919;398,78999999999996
0_92;211,86
0_920;449,52
0_921;119,76
0_922;271,95
0_923;39,900000000000006
0_924;96,24
0_925;407,76
0_926;153,9
0_927;48,93
0_928;401,94
0_929;239,85
0_93;390,77
0_930;361,48
0_931;239,88
0_932;78,1
0_933;143,84
0_934;95,38
0_935;83,79
0_936;16,9
0_937;186,83
0_938;282,96
0_939;322,83
0_94;111,04
0_940;127,32
0_941;479,68
0_942;18,18
0_943;183,77
0_944;401,40000000000003
0_945;160,92999999999998
0_946;324,18
0_947;59,900000000000006
0_948;81,25
0_949;329,7
0_95;119,88
0_950;170,1
0_951;189,81
0_952;146,58
0_953;350,87
0_954;143,22
0_955;207,74
0_956;268,84
0_957;41,86
0_958;673,64
0_959;109,89
0_96;122,85
0_960;457,38
0_961;119,94999999999999
0_962;194,98999999999998
0_963;224,75
0_964;4,83
0_965;639,68
0_966;167,65
0_967;323,64
0_968;76,5
0_969;215,82
0_97;119,9
0_970;266,24
0_971;129,87
0_972;125,6
0_973;252,77
0_974;164,5
0_975;87,89
0_976;306,8
0_977;167,79
0_978;305,76
0_979;314,79
0_98;289,74
0_980;62,12
0_981;299,84999999999997
0_982;217,76
0_983;155,88
0_984;114,66
0_985;29,950000000000003
0_986;600,14
0_987;167,92999999999998
0_988;125,36
0_989;10330,56
0_99;76,89
0_990;267,38
0_991;7796,099999999999
0_992;3466,32
0_993;4868,57
0_994;103,55000000000001
0_995;4044,32
0_996;4970,280000000001
0_997;4375,62
0_998;4234,5
0_999;4095,9
1_1;1590,63
1_10;6542,889999999999
1_100;2526,71
1_101;739,26
1_102;253,33
1_103;3463,35
1_104;3303,68
1_105;1527,6100000000001
1_106;439,81
1_107;1318,8
1_108;1666,1100000000001
1_109;3034,68
1_11;4718,820000000001
1_110;3458,7
1_111;2106,51
1_112;125,78
1_113;407,92
1_114;249,26999999999998
1_115;527,84
1_116;1957,7600000000002
1_117;167,96
1_118;274,59000000000003
1_119;575,8199999999999
1_12;2055,4700000000003
1_120;968,85
1_121;649,87
1_122;395,23
1_123;56,81
1_124;357,68
1_125;929,6999999999999
1_126;3199,2000000000003
1_127;319,92
1_128;1167,1200000000001
1_129;2848,4999999999995
1_13;6965,139999999999
1_130;1370,22
1_131;125,82000000000001
1_132;1484,23
1_133;2264,97
1_134;1781,0
1_135;39,95
1_136;285,48
1_137;1649,73
1_138;491,37
1_139;97,86
1_14;1049,12
1_140;308,48
1_141;2436,94
1_142;2912,6400000000003
1_143;129,87
1_144;450,90000000000003
1_145;2249,1
1_146;95,94
1_147;3855,6699999999996
1_148;72,72
1_149;107,82000000000001
1_15;1631,04
1_150;2757,6600000000003
1_151;293,93
1_152;1670,0600000000002
1_153;3310,56
1_154;701,19
1_155;949,8100000000001
1_156;359,37
1_157;5586,929999999999
1_158;4212,3
1_159;529,9
1_16;1725,8400000000001
1_160;3678,42
1_161;4030,3199999999997
1_162;4444,66
1_163;431,88
1_164;3657,1600000000003
1_165;4263,629999999999
1_166;3288,48
1_167;2890,37
1_168;459,6
1_169;3658,1699999999996
1_17;719,82
1_170;3398,58
1_171;961,8699999999999
1_172;3319,48
1_173;3261,96
1_174;1190,43
1_175;160,77
1_176;1580,58
1_177;1055,76
1_178;1661,44
1_179;2510,43
1_18;173,60999999999999
1_180;105,45
1_181;215,73000000000002
1_182;123,36
1_183;4823,07
1_184;1961,8500000000001
1_185;509,85
1_186;2170,56
1_187;4696,259999999999
1_188;2508,0
1_189;3049,82
1_19;2164,8599999999997
1_190;2600,87
1_191;3482,95
1_192;4019,46
1_193;860,7900000000001
1_194;1508,8700000000001
1_195;1115,69
1_196;1266,16
1_197;137,77
1_198;192,72
1_199;1747,2399999999998
1_2;466,2
1_20;1171,2
1_200;1368,25
1_201;2806,83
1_202;2834,32
1_203;636,87
1_204;154,79000000000002
1_205;134,85
1_206;463,26000000000005
1_207;259,74
1_208;1813,79
1_209;251,72
1_21;1954,1499999999999
1_210;2779,0499999999997
1_211;607,84
1_212;478,32
1_213;2258,87
1_214;938,7
1_215;509,85
1_216;455,39
1_217;2107,66
1_218;1061,28
1_219;251,72
1_22;3372,95
1_220;2430,48
1_221;1208,9
1_222;2085,3
1_223;1512,11
1_224;19,8
1_225;2145,87
1_226;565,9499999999999
1_227;991,84
1_228;1758,14
1_229;773,82
1_23;2303,04
1_230;105,3
1_231;781,7700000000001
1_232;1380,8600000000001
1_233;395,91
1_234;1857,9999999999998
1_235;1101,71
1_236;1291,6799999999998
1_237;2069,91
1_238;50,0
1_239;1412,99
1_24;1758,6
1_240;119,86000000000001
1_241;4507,95
1_242;11156,039999999999
1_243;171,96
1_244;50,96
1_245;5853,5599999999995
1_246;17606,25
1_247;17631,6
1_248;9094,5
1_249;21219,769999999997
1_25;1902,81
1_250;17812,08
1_251;13799,37
1_252;589,9499999999999
1_253;12711,52
1_254;715,3499999999999
1_255;560,83
1_256;25789,5
1_257;21633,59
1_258;372,0
1_259;10715,25
1_26;936,26
1_260;16589,829999999998
1_261;719,84
1_262;26617,5
1_263;1270,69
1_264;15989,65
1_265;27064,17
1_266;127,68
1_267;28241,91
1_268;217,61999999999998
1_269;959,8000000000001
1_27;1439,04
1_270;467,1
1_271;16820,1
1_272;63,699999999999996
1_273;1007,7900000000001
1_274;24546,399999999998
1_275;377,91
1_276;797,5799999999999
1_277;26275,89
1_278;19045,739999999998
1_279;30509,1
1_28;1303,0
1_280;15745,9
1_281;26389,0
1_282;24824,0
1_283;16968,68
1_284;905,85
1_285;16983,670000000002
1_286;33326,08
1_287;25521,489999999998
1_288;21029,68
1_289;758,7700000000001
1_29;1115,07
1_290;852,54
1_291;159,84
1_292;136,67999999999998
1_293;20461,1
1_294;406,12
1_295;67,83
1_296;18354,48
1_297;740,87
1_298;1080,2
1_299;9177,44
1_3;922,29
1_30;3127,5
1_300;101,10000000000001
1_301;17241,84
1_302;594,49
1_303;9065,52
1_304;18061,920000000002
1_305;21682,77
1_306;581,06
1_307;167,76
1_308;8621,0
1_309;255,68
1_31;2773,27
1_310;9457,199999999999
1_311;12402,699999999999
1_312;17977,92
1_313;21580,289999999997
1_314;99,0
1_315;2679,6
1_316;15594,599999999999
1_317;935,76
1_318;13205,839999999998
1_319;879,8000000000001
1_32;2026,2299999999998
1_320;18508,04
1_321;129,87
1_322;1238,4
1_323;461,86
1_324;639,4
1_325;22308,03
1_326;1300,42
1_327;1052,73
1_328;20029,399999999998
1_329;119,76
1_33;2014,35
1_330;147,43
1_331;2743,51
1_332;71,68
1_333;12216,36
1_334;1416,6000000000001
1_335;1011,7700000000001
1_336;18659,52
1_337;19792,079999999998
1_338;2516,58
1_339;18575,92
1_34;5304,07
1_340;1859,0
1_341;1848,5700000000002
1_342;1078,8799999999999
1_343;24351,3
1_344;157,17000000000002
1_345;758,7700000000001
1_346;997,0000000000001
1_347;16822,35
1_348;13888,999999999998
1_349;494,85
1_35;3495,2400000000002
1_350;16705,66
1_351;25279,28
1_352;15714,710000000001
1_353;23670,23
1_354;1369,8
1_355;791,7800000000001
1_356;764,9799999999999
1_357;167,72
1_358;15378,079999999998
1_359;107,82000000000001
1_36;97,68
1_360;1030,5
1_361;215,64000000000001
1_362;12532,5
1_363;21560,309999999998
1_364;13554,800000000001
1_365;21656,52
1_366;47005,38
1_367;22216,12
1_368;889,5600000000001
1_369;54025,479999999996
1_37;1023,68
1_370;20399,16
1_371;543,84
1_372;542,16
1_373;671,79
1_374;17725,050000000003
1_375;67,83
1_376;31639,409999999996
1_377;467,88
1_378;46088,52
1_379;46098,92
1_38;427,7
1_380;401,84999999999997
1_381;28478,19
1_382;307,6
1_383;51486,24
1_384;657,3000000000001
1_385;46730,02
1_386;114,60000000000001
1_387;199,8
1_388;29926,399999999998
1_389;44382,24
1_39;2286,2400000000002
1_390;60,06
1_391;449,91
1_392;33050,75
1_393;215,94
1_395;54356,25
1_396;35730,600000000006
1_397;34163,009999999995
1_398;19495,89
1_399;43,89
1_4;2033,64
1_40;1089,0
1_400;30527,4
1_401;428,87
1_402;69,04
1_403;35260,399999999994
1_404;29,549999999999997
1_405;55,93
1_406;48106,59
1_407;30940,65
1_408;105,72
1_409;167,97
1_41;2110,2400000000002
1_410;656,18
1_411;131,96
1_412;32484,149999999998
1_413;34990,549999999996
1_414;51949,399999999994
1_415;599,9
1_416;710,82
1_417;45947,10999999999
1_418;264,95
1_419;399,90000000000003
1_42;2040,28
1_420;14,24
1_421;247,92
1_422;276,84000000000003
1_423;71,92
1_424;49,1
1_425;35611,03999999999
1_426;32153,760000000002
1_427;329,90000000000003
1_428;509,98999999999995
1_429;599,88
1_43;4150,2699999999995
1_430;64,09
1_431;46575,36
1_432;36590,4
1_433;22617,089999999997
1_434;19726,41
1_435;15694,91
1_436;15288,0
1_437;33656,53
1_438;47,160000000000004
1_439;272,93
1_44;2376,36
1_440;51,24
1_441;30887,64
1_442;29501,38
1_443;539,91
1_444;15775,109999999999
1_445;29003,91
1_446;27220,960000000003
1_447;558,87
1_448;18533,76
1_449;18317,78
1_45;3913,5499999999997
1_450;632,8
1_451;26279,48
1_452;571,1999999999999
1_453;18117,05
1_454;321,2
1_455;815,76
1_456;42376,729999999996
1_457;33174,57
1_458;567,05
1_459;22481,94
1_46;1521,1000000000001
1_460;135,54
1_461;17653,41
1_462;22674,26
1_463;924,75
1_464;22169,77
1_465;98,89
1_466;21896,850000000002
1_467;161,82
1_468;27388,25
1_469;71,88
1_47;1425,54
1_470;21,64
1_471;575,8199999999999
1_472;110,16
1_473;26,910000000000004
1_474;890,46
1_475;31044,21
1_476;907,4
1_477;195,72
1_478;309,04
1_479;692,89
1_48;2785,98
1_480;29993,76
1_481;449,90000000000003
1_482;134,70000000000002
1_483;22258,08
1_484;82,8
1_485;151,96
1_486;85,47
1_487;1147,72
1_488;18516,61
1_489;132,81
1_49;4928,3
1_490;1505,92
1_491;49,900000000000006
1_492;412,02
1_493;17573,010000000002
1_494;196,64
1_495;12952,109999999999
1_496;634,59
1_497;599,88
1_498;49731,36
1_499;1097,82
1_5;489,51
1_50;3620,89
1_500;209,57999999999998
1_501;1049,75
1_502;78,4
1_503;16328,949999999999
1_504;9956,38
1_505;5283,889999999999
1_506;4054,05
1_507;8472,74
1_508;5677,280000000001
1_509;109,89
1_51;1333,71
1_510;6947,94
1_511;44,85
1_512;560,96
1_513;431,88
1_514;135,32
1_515;6224,539999999999
1_516;7417,44
1_517;155,74
1_518;280,35999999999996
1_519;2339,55
1_52;3173,04
1_520;4645,8
1_521;7563,709999999999
1_522;8403,75
1_523;8588,42
1_524;7552,86
1_525;1923,48
1_526;350,79999999999995
1_527;6416,789999999999
1_528;1777,0900000000001
1_529;5702,83
1_53;6290,83
1_530;5527,900000000001
1_531;615,12
1_532;2931,88
1_533;3908,7400000000002
1_534;4176,73
1_535;4574,7300000000005
1_536;4013,1800000000003
1_537;5111,59
1_538;9000,99
1_539;3199,36
1_54;4002,56
1_540;599,6899999999999
1_541;5344,18
1_542;7398,599999999999
1_543;2183,58
1_544;11166,119999999999
1_545;1439,55
1_546;2682,7200000000003
1_547;6060,21
1_548;4199,31
1_549;1631,52
1_55;247,69
1_550;5454,54
1_551;3552,63
1_552;2859,57
1_553;3338,3700000000003
1_554;2671,5800000000004
1_555;2177,34
1_556;5603,63
1_557;3477,0600000000004
1_558;7426,530000000001
1_559;6022,589999999999
1_56;2572,32
1_560;4290,48
1_561;2572,17
1_562;4414,5
1_563;503,16
1_564;5732,09
1_565;4717,639999999999
1_566;5068,05
1_567;2577,85
1_568;4818,150000000001
1_569;3947,1600000000003
1_57;2745,71
1_570;4862,87
1_571;2271,29
1_572;4708,2
1_573;979,02
1_574;3120,8
1_575;363,48
1_576;3457,2
1_577;2573,2200000000003
1_578;3182,3999999999996
1_579;6189,419999999999
1_58;174,05
1_580;5631,03
1_581;5289,48
1_582;7509,92
1_583;4009,6399999999994
1_584;651,9100000000001
1_585;4557,719999999999
1_586;5878,08
1_587;593,8100000000001
1_588;3180,24
1_589;6527,889999999999
1_59;224,75
1_590;795,5
1_591;999,75
1_592;5896,32
1_593;6129,08
1_594;114,5
1_595;1183,6299999999999
1_596;3091,3599999999997
1_597;8817,06
1_598;4102,6
1_599;3650,19
1_6;2641,32
1_60;4365,900000000001
1_600;1124,72
1_601;6487,049999999999
1_602;2226,9900000000002
1_603;1049,7
1_604;1347,54
1_605;464,84999999999997
1_606;8932,0
1_607;7557,2
1_608;1455,0
1_609;327,59000000000003
1_61;3930,93
1_610;1187,28
1_611;7220,749999999999
1_612;12056,4
1_613;109,78
1_614;4463,68
1_615;13026,57
1_616;14161,76
1_617;7839,77
1_618;14885,52
1_619;6520,9800000000005
1_62;3486,87
1_620;2365,0
1_621;8185,449999999999
1_622;9993,34
1_623;2349,53
1_624;1767,3600000000001
1_625;11770,88
1_626;3267,15
1_627;971,73
1_628;2606,31
1_629;1325,6100000000001
1_63;3041,2099999999996
1_630;5493,25
1_631;8319,45
1_632;4443,51
1_633;163,59
1_634;11458,38
1_635;14304,699999999999
1_636;2688,72
1_637;1088,67
1_638;680,24
1_639;6648,95
1_64;3328,08
1_640;6985,3
1_641;509,49
1_642;1782,2400000000002
1_643;16884,37
1_644;14648,72
1_645;3415,44
1_646;318,44000000000005
1_647;15774,74
1_648;1187,28
1_649;11659,859999999999
1_65;1154,65
1_650;2560,7
1_651;10216,619999999999
1_652;15741,44
1_653;15386,08
1_654;1828,7699999999998
1_655;371,38
1_656;251,56
1_657;1403,74
1_658;185,28
1_659;332,63
1_66;258,12
1_660;12915,630000000001
1_661;12805,429999999998
1_662;453,0
1_663;9786,56
1_664;4065,5499999999997
1_665;2573,2200000000003
1_666;791,2
1_667;15684,769999999999
1_668;1359,97
1_669;9881,82
1_67;2144,61
1_670;16843,5
1_671;2143,33
1_672;3463,68
1_673;6676,86
1_674;2323,48
1_675;215,76
1_676;9652,5
1_677;8596,939999999999
1_678;410,38
1_679;4879,389999999999
1_68;1516,55
1_680;254,20000000000002
1_681;195,72
1_682;330,99
1_683;5959,74
1_684;4110,4
1_685;6364,02
1_686;9443,79
1_687;407,49
1_688;7785,320000000001
1_689;1799,5
1_69;2327,0299999999997
1_690;528,94
1_691;2115,54
1_692;5424,639999999999
1_693;3416,33
1_694;7550,6
1_695;10607,07
1_696;2418,0
1_697;179,64000000000001
1_698;7649,400000000001
1_699;303,62
1_7;3331,32
1_70;938,3400000000001
1_700;217,31
1_701;11227,84
1_702;6855,2
1_703;479,52
1_704;948,9
1_705;1785,5300000000002
1_706;10332,54
1_707;195,72
1_708;10215,58
1_709;1241,73
1_71;1084,69
1_710;11734,800000000001
1_711;839,7900000000001
1_712;11975,6
1_713;2549,25
1_714;415,0
1_715;4913,22
1_716;612,3
1_717;879,12
1_718;8876,85
1_719;2519,4
1_72;659,28
1_720;4713,24
1_721;8883,96
1_722;3230,1
1_723;5330,150000000001
1_724;8266,720000000001
1_725;755,16
1_726;4488,639999999999
1_727;7356,669999999999
1_728;381,64
1_729;2271,29
1_73;2838,58
1_730;9762,15
1_731;5575,35
1_732;160,72
1_733;1567,51
1_734;10561,800000000001
1_735;12161,71
1_736;4949,49
1_737;440,37
1_738;4251,71
1_74;3151,8
1_75;3934,3599999999997
1_76;2397,12
1_77;1805,1399999999999
1_78;248,22
1_79;2144,35
1_8;2264,85
1_80;3295,9
1_81;3399,0
1_82;2894,71
1_83;2021,8099999999997
1_84;2148,12
1_85;3149,6299999999997
1_86;2538,21
1_87;4955,16
1_88;3098,36
1_89;2441,26
1_9;695,13
1_90;3410,79
1_91;4365,92
1_92;2183,94
1_93;2942,72
1_94;3632,74
1_95;3298,4999999999995
1_96;424,48
1_97;3814,41
1_98;4066,2
1_99;2528,85
2_0;16851,12
2_1;17723,89
2_10;20042,84
2_100;721,1
2_101;42041,43
2_102;60736,78
2_103;789,95
2_104;28957,8
2_105;2015,84
2_106;1651,2
2_107;203,94
2_108;40487,04
2_109;40168,560000000005
2_11;2625,87
2_110;53846,25
2_111;574,9499999999999
2_112;65407,759999999995
2_113;24676,670000000002
2_114;687,12
2_115;13716,310000000001
2_116;11114,400000000001
2_117;1271,8799999999999
2_118;1062,16
2_119;9074,45
2_12;18125,829999999998
2_120;8606,76
2_121;1367,92
2_122;350,0
2_123;1923,8700000000001
2_124;603,36
2_125;1623,93
2_126;1169,8
2_127;19179,219999999998
2_128;1613,92
2_129;1407,8899999999999
2_13;17846,5
2_130;427,74
2_131;383,96999999999997
2_132;4321,46
2_133;2419,7799999999997
2_134;3751,8799999999997
2_135;69334,95
2_136;19017,36
2_137;14614,259999999998
2_138;14703,5
2_139;14772,22
2_14;2177,12
2_140;13721,039999999999
2_141;15581,02
2_142;9997,8
2_143;12638,4
2_144;23455,579999999998
2_145;15806,48
2_146;17986,8
2_147;26752,530000000002
2_148;14007,599999999999
2_149;7613,0599999999995
2_15;3099,75
2_150;23329,239999999998
2_151;19309,77
2_152;3867,99
2_153;19878,58
2_154;12866,42
2_155;28898,850000000002
2_156;33549,439999999995
2_157;18874,68
2_158;35105,24
2_159;94893,5
2_16;590,0300000000001
2_160;36190,08
2_161;23937,899999999998
2_162;25293,719999999998
2_163;38565,409999999996
2_164;26704,86
2_165;12238,3
2_166;52449,119999999995
2_167;44791,11
2_168;19275,84
2_169;23853,87
2_17;1663,84
2_170;20403,68
2_171;7519,0599999999995
2_172;22460,14
2_173;15287,02
2_174;4599,65
2_175;23542,14
2_176;6190,219999999999
2_177;3648,5899999999997
2_178;5286,0
2_179;20795,84
2_18;1807,5400000000002
2_180;4946,24
2_181;29168,97
2_182;5006,44
2_183;3197,5899999999997
2_184;25449,93
2_185;22786,82
2_186;2888,64
2_187;7425,530000000001
2_188;2064,16
2_189;7149,5
2_19;21486,929999999997
2_190;7026,799999999999
2_191;35558,77
2_192;3821,7
2_193;3679,68
2_194;6787,97
2_195;3275,72
2_196;4780,32
2_197;3806,5299999999997
2_198;3458,0
2_199;4109,700000000001
2_2;4500,0
2_20;2254,77
2_200;4051,25
2_201;3740,5699999999997
2_202;46217,88
2_203;6438,530000000001
2_204;2938,24
2_205;5251,48
2_206;4557,44
2_207;40078,14
2_208;45596,97
2_209;56971,85999999999
2_21;847,92
2_210;7818,68
2_211;21214,96
2_212;8801,52
2_213;18809,010000000002
2_214;7666,880000000001
2_215;18346,33
2_216;6552,910000000001
2_217;9578,07
2_218;4477,0
2_219;6698,23
2_22;1421,94
2_220;7063,200000000001
2_221;7552,169999999999
2_222;10358,0
2_223;10911,380000000001
2_224;7079,400000000001
2_225;10901,310000000001
2_226;21303,0
2_227;15246,01
2_228;16887,75
2_229;4940,389999999999
2_23;115,99
2_230;22987,12
2_231;8399,25
2_232;6763,900000000001
2_233;8822,49
2_234;3166,41
2_235;8231,58
2_236;9480,800000000001
2_237;7911,070000000001
2_238;469,6
2_24;484,4
2_25;1223,8799999999999
2_26;11435,189999999999
2_27;295,96
2_28;310,5
2_29;2287,84
2_3;5683,72
2_30;1634,78
2_31;1451,89
2_32;37211,93
2_33;712,77
2_34;1375,98
2_35;1399,9
2_36;3107,44
2_37;43209,18
2_38;1963,0800000000002
2_39;53060,85
2_4;1337,82
2_40;5930,860000000001
2_41;26906,1
2_42;2894,64
2_43;49972,85999999999
2_44;992,88
2_45;725,7800000000001
2_46;27677,7
2_47;1183,68
2_48;1546,02
2_49;1240,83
2_5;2687,86
2_50;3013,8
2_51;1614,81
2_52;2619,54
2_53;3477,6299999999997
2_54;1609,7400000000002
2_55;2615,7599999999998
2_56;2333,4
2_57;2488,8100000000004
2_58;1933,8
2_59;3779,64
2_6;2030,2
2_60;2793,0
2_61;519,87
2_62;32186,88
2_63;2999,7599999999998
2_64;3770,62
2_65;1499,85
2_66;452,15999999999997
2_67;395,88
2_68;529,74
2_69;1047,92
2_7;23796,6
2_70;2075,84
2_71;711,92
2_73;1567,86
2_74;1442,6399999999999
2_75;581,9399999999999
2_76;2289,96
2_77;291,98
2_78;502,47
2_79;22284,02
2_8;585,44
2_80;1206,8000000000002
2_81;86,99
2_82;758,1
2_83;1309,9
2_84;2369,9
2_85;773,94
2_88;388,15
2_89;431,96
2_9;20786,22
2_90;1093,8000000000002
2_91;1163,8799999999999
2_92;1092,7
2_93;157,98
2_94;1163,6
2_95;395,96
2_96;28650,179999999997
2_97;2092,87
2_98;149,74
2_99;594,93
